{"data":{"collectionLinks":{"value":"{\"links\":[{\"title\":\"World Health Organization (WHO)\",\"description\":\"Twitter and YouTube API feeds for WHO, and their RSS feeds\",\"urlDoc\":\"https://documenter.getpostman.com/view/8854915/SzS7NkAS?version=latest\",\"urlPost\":\"https://app.getpostman.com/run-collection/ba0e8998f12c10175550\"},{\"title\":\"Centers for Disease Control and Prevention (CDC)\",\"description\":\"Twitter and YouTube API feeds for CDC, and their RSS feeds for pulling information\",\"urlDoc\":\"https://documenter.getpostman.com/view/8854915/SzS7NkAL?version=latest\",\"urlPost\":\"https://app.getpostman.com/run-collection/926a4b4da8318c9c9581\"},{\"title\":\"European Centre for Disease Prevention and Control (ECDC)\",\"description\":\"Twitter and YouTube API feeds for ECDC, and their RSS feeds for pulling information\",\"urlDoc\":\"https://documenter.getpostman.com/view/8854915/SzS7NkAQ?version=latest\",\"urlPost\":\"https://app.getpostman.com/run-collection/527e08e53b19a97cdd1f\"},{\"title\":\"NovelCOVID API\",\"description\":\"An API for current cases and more information about COVID-19\",\"urlDoc\":\"https://documenter.getpostman.com/view/8854915/SzS7R6uu?version=latest\",\"urlPost\":\"https://app.getpostman.com/run-collection/8854915-ea599e13-12ab-4cfc-b389-5673ae4e5794-SzS7R6uuc\"},{\"title\":\"CDC Cases & Deaths (ScrAPI)\",\"description\":\"Scraping the COVID-19 cases and deaths from the CDC home page, converting the data to JSON, and saving it within an environment\",\"urlDoc\":\"https://documenter.getpostman.com/view/8854915/SzS7NkTz?version=latest\",\"urlPost\":\"https://app.getpostman.com/run-collection/8854915-39d062d5-65d1-4b0f-9c1c-30e885200584-SzS7NkTz\"},{\"title\":\"CDC Testing (ScrAPI)\",\"description\":\"Scraping the number of specimens tested for SARS CoV-2 by CDC labs and U.S. public health laboratories from the CDC website\",\"urlDoc\":\"https://documenter.getpostman.com/view/8854915/SzS7R6gm?version=latest\",\"urlPost\":\"https://app.getpostman.com/run-collection/8854915-f02de2b1-ccef-4719-9af5-a48f6b3b27fe-SzS7R6gm\"},{\"title\":\"US Digital Registry API\",\"description\":\"An API for pulling federal government agencies and social media accounts\",\"urlDoc\":\"https://documenter.getpostman.com/view/8854915/SzS7NkEm?version=latest\",\"urlPost\":\"https://app.getpostman.com/run-collection/[data-postman-var-1]\"},{\"title\":\"News API\",\"description\":\" An aggregate news API for pulling news from across multiple news sources\",\"urlDoc\":\"https://documenter.getpostman.com/view/8854915/SzS7NkEp?version=latest\",\"urlPost\":\"https://app.getpostman.com/run-collection/8854915-397a4c98-81ac-44c2-a99b-926f9d030dc2-SzS7NkEp\"},{\"title\":\"COVID-19 Twitter Searches\",\"description\":\"Twitter API search, with a handful of the common search terms added\",\"urlDoc\":\"https://documenter.getpostman.com/view/8854915/SzS7NkEt?version=latest\",\"urlPost\":\"https://app.getpostman.com/run-collection/ad5e8ff02c3997e517d5\"},{\"title\":\"State Government Twitter\",\"description\":\"State government Twitter accounts for all 50 states in the United States\",\"urlDoc\":\"https://documenter.getpostman.com/view/8854915/SzS7NkKA?version=latest\",\"urlPost\":\"https://app.getpostman.com/run-collection/071e59ec25b4bec4fdc0\"}]}"}}}