{"errors":[],"warnings":[],"namedChunkGroups":{"app":{"chunks":[7,0,2],"assets":["webpack-runtime-c3d0d791162a623f1a62.js","webpack-runtime-c3d0d791162a623f1a62.js.map","commons-854d81c7004a0b198171.js","commons-854d81c7004a0b198171.js.map","app-85b56eedd9a71e4e0371.js","app-85b56eedd9a71e4e0371.js.map"],"children":{},"childAssets":{}},"component---src-templates-blog-template-jsx":{"chunks":[6],"assets":["component---src-templates-blog-template-jsx-3b5f8986f57549d0be93.js","component---src-templates-blog-template-jsx-3b5f8986f57549d0be93.js.map"],"children":{},"childAssets":{}},"component---src-pages-404-jsx":{"chunks":[1,0,3],"assets":["styles.7adbeffa67f378eb4bc1.css","styles-2b90bb3d4fe16010ed10.js","styles-2b90bb3d4fe16010ed10.js.map","commons-854d81c7004a0b198171.js","commons-854d81c7004a0b198171.js.map","component---src-pages-404-jsx-2e7e524eb4354a150984.js","component---src-pages-404-jsx-2e7e524eb4354a150984.js.map"],"children":{},"childAssets":{}},"component---src-pages-postman-for-good-covid-19-apis-index-jsx":{"chunks":[1,0,4],"assets":["styles.7adbeffa67f378eb4bc1.css","styles-2b90bb3d4fe16010ed10.js","styles-2b90bb3d4fe16010ed10.js.map","commons-854d81c7004a0b198171.js","commons-854d81c7004a0b198171.js.map","component---src-pages-postman-for-good-covid-19-apis-index-jsx-94fcc197f7b01d384640.js","component---src-pages-postman-for-good-covid-19-apis-index-jsx-94fcc197f7b01d384640.js.map"],"children":{},"childAssets":{}},"component---src-pages-thankyou-jsx":{"chunks":[1,0,5],"assets":["styles.7adbeffa67f378eb4bc1.css","styles-2b90bb3d4fe16010ed10.js","styles-2b90bb3d4fe16010ed10.js.map","commons-854d81c7004a0b198171.js","commons-854d81c7004a0b198171.js.map","component---src-pages-thankyou-jsx-e33f83dc4d5ea2544c96.js","component---src-pages-thankyou-jsx-e33f83dc4d5ea2544c96.js.map"],"children":{},"childAssets":{}}},"assetsByChunkName":{"app":["webpack-runtime-c3d0d791162a623f1a62.js","commons-854d81c7004a0b198171.js","app-85b56eedd9a71e4e0371.js"],"component---src-templates-blog-template-jsx":["component---src-templates-blog-template-jsx-3b5f8986f57549d0be93.js"],"component---src-pages-404-jsx":["styles.7adbeffa67f378eb4bc1.css","styles-2b90bb3d4fe16010ed10.js","commons-854d81c7004a0b198171.js","component---src-pages-404-jsx-2e7e524eb4354a150984.js"],"component---src-pages-postman-for-good-covid-19-apis-index-jsx":["styles.7adbeffa67f378eb4bc1.css","styles-2b90bb3d4fe16010ed10.js","commons-854d81c7004a0b198171.js","component---src-pages-postman-for-good-covid-19-apis-index-jsx-94fcc197f7b01d384640.js"],"component---src-pages-thankyou-jsx":["styles.7adbeffa67f378eb4bc1.css","styles-2b90bb3d4fe16010ed10.js","commons-854d81c7004a0b198171.js","component---src-pages-thankyou-jsx-e33f83dc4d5ea2544c96.js"]}}