{"errors":[],"warnings":[],"namedChunkGroups":{"app":{"chunks":[7,0,2],"assets":["webpack-runtime-c6249d98e875275bc405.js","webpack-runtime-c6249d98e875275bc405.js.map","commons-854d81c7004a0b198171.js","commons-854d81c7004a0b198171.js.map","app-18be02198bc657ad0f20.js","app-18be02198bc657ad0f20.js.map"],"children":{},"childAssets":{}},"component---src-templates-blog-template-jsx":{"chunks":[6],"assets":["component---src-templates-blog-template-jsx-3b5f8986f57549d0be93.js","component---src-templates-blog-template-jsx-3b5f8986f57549d0be93.js.map"],"children":{},"childAssets":{}},"component---src-pages-404-jsx":{"chunks":[1,0,3],"assets":["styles.7adbeffa67f378eb4bc1.css","styles-2b90bb3d4fe16010ed10.js","styles-2b90bb3d4fe16010ed10.js.map","commons-854d81c7004a0b198171.js","commons-854d81c7004a0b198171.js.map","component---src-pages-404-jsx-2e7e524eb4354a150984.js","component---src-pages-404-jsx-2e7e524eb4354a150984.js.map"],"children":{},"childAssets":{}},"component---src-pages-postman-for-good-covid-19-apis-index-jsx":{"chunks":[1,0,4],"assets":["styles.7adbeffa67f378eb4bc1.css","styles-2b90bb3d4fe16010ed10.js","styles-2b90bb3d4fe16010ed10.js.map","commons-854d81c7004a0b198171.js","commons-854d81c7004a0b198171.js.map","component---src-pages-postman-for-good-covid-19-apis-index-jsx-bc50b9872f2104746c8e.js","component---src-pages-postman-for-good-covid-19-apis-index-jsx-bc50b9872f2104746c8e.js.map"],"children":{},"childAssets":{}},"component---src-pages-thank-you-jsx":{"chunks":[1,0,5],"assets":["styles.7adbeffa67f378eb4bc1.css","styles-2b90bb3d4fe16010ed10.js","styles-2b90bb3d4fe16010ed10.js.map","commons-854d81c7004a0b198171.js","commons-854d81c7004a0b198171.js.map","component---src-pages-thank-you-jsx-99108d0ceb5f6fd4d08f.js","component---src-pages-thank-you-jsx-99108d0ceb5f6fd4d08f.js.map"],"children":{},"childAssets":{}}},"assetsByChunkName":{"app":["webpack-runtime-c6249d98e875275bc405.js","commons-854d81c7004a0b198171.js","app-18be02198bc657ad0f20.js"],"component---src-templates-blog-template-jsx":["component---src-templates-blog-template-jsx-3b5f8986f57549d0be93.js"],"component---src-pages-404-jsx":["styles.7adbeffa67f378eb4bc1.css","styles-2b90bb3d4fe16010ed10.js","commons-854d81c7004a0b198171.js","component---src-pages-404-jsx-2e7e524eb4354a150984.js"],"component---src-pages-postman-for-good-covid-19-apis-index-jsx":["styles.7adbeffa67f378eb4bc1.css","styles-2b90bb3d4fe16010ed10.js","commons-854d81c7004a0b198171.js","component---src-pages-postman-for-good-covid-19-apis-index-jsx-bc50b9872f2104746c8e.js"],"component---src-pages-thank-you-jsx":["styles.7adbeffa67f378eb4bc1.css","styles-2b90bb3d4fe16010ed10.js","commons-854d81c7004a0b198171.js","component---src-pages-thank-you-jsx-99108d0ceb5f6fd4d08f.js"]}}