{"errors":[],"warnings":[],"namedChunkGroups":{"app":{"chunks":[7,0,2],"assets":["webpack-runtime-c955aa6e0ace5c28f2b5.js","webpack-runtime-c955aa6e0ace5c28f2b5.js.map","commons-854d81c7004a0b198171.js","commons-854d81c7004a0b198171.js.map","app-e9f7c375e46efb75dbaf.js","app-e9f7c375e46efb75dbaf.js.map"],"children":{},"childAssets":{}},"component---src-templates-blog-template-jsx":{"chunks":[6],"assets":["component---src-templates-blog-template-jsx-3b5f8986f57549d0be93.js","component---src-templates-blog-template-jsx-3b5f8986f57549d0be93.js.map"],"children":{},"childAssets":{}},"component---src-pages-postman-for-good-covid-19-apis-404-jsx":{"chunks":[1,0,3],"assets":["styles.7adbeffa67f378eb4bc1.css","styles-2b90bb3d4fe16010ed10.js","styles-2b90bb3d4fe16010ed10.js.map","commons-854d81c7004a0b198171.js","commons-854d81c7004a0b198171.js.map","component---src-pages-postman-for-good-covid-19-apis-404-jsx-e7e3933701089e768183.js","component---src-pages-postman-for-good-covid-19-apis-404-jsx-e7e3933701089e768183.js.map"],"children":{},"childAssets":{}},"component---src-pages-postman-for-good-covid-19-apis-index-jsx":{"chunks":[1,0,4],"assets":["styles.7adbeffa67f378eb4bc1.css","styles-2b90bb3d4fe16010ed10.js","styles-2b90bb3d4fe16010ed10.js.map","commons-854d81c7004a0b198171.js","commons-854d81c7004a0b198171.js.map","component---src-pages-postman-for-good-covid-19-apis-index-jsx-3278283ed982a28677d9.js","component---src-pages-postman-for-good-covid-19-apis-index-jsx-3278283ed982a28677d9.js.map"],"children":{},"childAssets":{}},"component---src-pages-postman-for-good-covid-19-apis-thankyou-jsx":{"chunks":[1,0,5],"assets":["styles.7adbeffa67f378eb4bc1.css","styles-2b90bb3d4fe16010ed10.js","styles-2b90bb3d4fe16010ed10.js.map","commons-854d81c7004a0b198171.js","commons-854d81c7004a0b198171.js.map","component---src-pages-postman-for-good-covid-19-apis-thankyou-jsx-501a4cee5f3e06972620.js","component---src-pages-postman-for-good-covid-19-apis-thankyou-jsx-501a4cee5f3e06972620.js.map"],"children":{},"childAssets":{}}},"assetsByChunkName":{"app":["webpack-runtime-c955aa6e0ace5c28f2b5.js","commons-854d81c7004a0b198171.js","app-e9f7c375e46efb75dbaf.js"],"component---src-templates-blog-template-jsx":["component---src-templates-blog-template-jsx-3b5f8986f57549d0be93.js"],"component---src-pages-postman-for-good-covid-19-apis-404-jsx":["styles.7adbeffa67f378eb4bc1.css","styles-2b90bb3d4fe16010ed10.js","commons-854d81c7004a0b198171.js","component---src-pages-postman-for-good-covid-19-apis-404-jsx-e7e3933701089e768183.js"],"component---src-pages-postman-for-good-covid-19-apis-index-jsx":["styles.7adbeffa67f378eb4bc1.css","styles-2b90bb3d4fe16010ed10.js","commons-854d81c7004a0b198171.js","component---src-pages-postman-for-good-covid-19-apis-index-jsx-3278283ed982a28677d9.js"],"component---src-pages-postman-for-good-covid-19-apis-thankyou-jsx":["styles.7adbeffa67f378eb4bc1.css","styles-2b90bb3d4fe16010ed10.js","commons-854d81c7004a0b198171.js","component---src-pages-postman-for-good-covid-19-apis-thankyou-jsx-501a4cee5f3e06972620.js"]}}