{"errors":[],"warnings":[],"namedChunkGroups":{"app":{"chunks":[7,0,2],"assets":["webpack-runtime-ebbaa6f29ab73d54df86.js","webpack-runtime-ebbaa6f29ab73d54df86.js.map","commons-cd4bdb0d3e014cbe0900.js","commons-cd4bdb0d3e014cbe0900.js.map","app-40b9cce661a798153b6f.js","app-40b9cce661a798153b6f.js.map"],"children":{},"childAssets":{}},"component---src-templates-blog-template-jsx":{"chunks":[6],"assets":["component---src-templates-blog-template-jsx-3b5f8986f57549d0be93.js","component---src-templates-blog-template-jsx-3b5f8986f57549d0be93.js.map"],"children":{},"childAssets":{}},"component---src-pages-404-jsx":{"chunks":[1,0,3],"assets":["styles.d5ef0abb16ee382cea7f.css","styles-04367093563754e2a6bc.js","styles-04367093563754e2a6bc.js.map","commons-cd4bdb0d3e014cbe0900.js","commons-cd4bdb0d3e014cbe0900.js.map","component---src-pages-404-jsx-2e7e524eb4354a150984.js","component---src-pages-404-jsx-2e7e524eb4354a150984.js.map"],"children":{},"childAssets":{}},"component---src-pages-index-jsx":{"chunks":[1,0,4],"assets":["styles.d5ef0abb16ee382cea7f.css","styles-04367093563754e2a6bc.js","styles-04367093563754e2a6bc.js.map","commons-cd4bdb0d3e014cbe0900.js","commons-cd4bdb0d3e014cbe0900.js.map","component---src-pages-index-jsx-9862c154eda20deb2b2e.js","component---src-pages-index-jsx-9862c154eda20deb2b2e.js.map"],"children":{},"childAssets":{}},"component---src-pages-page-2-jsx":{"chunks":[1,0,5],"assets":["styles.d5ef0abb16ee382cea7f.css","styles-04367093563754e2a6bc.js","styles-04367093563754e2a6bc.js.map","commons-cd4bdb0d3e014cbe0900.js","commons-cd4bdb0d3e014cbe0900.js.map","component---src-pages-page-2-jsx-7061ffe1a0ad04a241c5.js","component---src-pages-page-2-jsx-7061ffe1a0ad04a241c5.js.map"],"children":{},"childAssets":{}}},"assetsByChunkName":{"app":["webpack-runtime-ebbaa6f29ab73d54df86.js","commons-cd4bdb0d3e014cbe0900.js","app-40b9cce661a798153b6f.js"],"component---src-templates-blog-template-jsx":["component---src-templates-blog-template-jsx-3b5f8986f57549d0be93.js"],"component---src-pages-404-jsx":["styles.d5ef0abb16ee382cea7f.css","styles-04367093563754e2a6bc.js","commons-cd4bdb0d3e014cbe0900.js","component---src-pages-404-jsx-2e7e524eb4354a150984.js"],"component---src-pages-index-jsx":["styles.d5ef0abb16ee382cea7f.css","styles-04367093563754e2a6bc.js","commons-cd4bdb0d3e014cbe0900.js","component---src-pages-index-jsx-9862c154eda20deb2b2e.js"],"component---src-pages-page-2-jsx":["styles.d5ef0abb16ee382cea7f.css","styles-04367093563754e2a6bc.js","commons-cd4bdb0d3e014cbe0900.js","component---src-pages-page-2-jsx-7061ffe1a0ad04a241c5.js"]}}